pl_name,total_score,hostname,default_flag,sy_snum,sy_pnum,discoverymethod,disc_year,disc_facility,soltype,pl_controv_flag,pl_refname,pl_orbper,pl_orbsmax,pl_rade,pl_radj,pl_bmasse,pl_bmassj,pl_bmassprov,pl_orbeccen,pl_insol,pl_eqt,ttv_flag,st_refname,st_spectype,st_teff,st_rad,st_mass,st_met,st_metratio,st_logg,sy_refname,rastr,ra,decstr,dec,sy_dist,sy_vmag,sy_kmag,sy_gaiamag,rowupdate,pl_pubdate,releasedate,habitability_category
Kepler-442 b,9,Kepler-442,1,1,1,Transit,2015,Kepler,Published Confirmed,0,"Torres et al. 2015	",112.3053,0.409,1.34,0.12,2.36,0.00743,Mass,0,0.7,"233	",0,"Huber et al. 2014	",KSV,4402,0.6,0.61,-0.37,0.426,4.6,"Huber et al. 2014	",19h01m27.9s,285.36625,39d00m25s,39.0069,361,14.16,11.88,13.4,5/26/2025,2015-01,1/6/2015,High habitability
TOI-2152 A b,8.8,TOI-2152,1,3,1,Transit,2023,Transiting Exoplanet Survey Satellite (TESS),Published Confirmed,0,<a refstr=RODRIGUEZ_ET_AL__2023 href=https://ui.adsabs.harvard.edu/abs/2023MNRAS.tmp..609R/abstract target=ref>Rodriguez et al. 2023</a>,3.3773512,0.05064,14.35870428,1.281,899.4543918,2.83,Mass,0.057,,1802,0,<a refstr=RODRIGUEZ_ET_AL__2023 href=https://ui.adsabs.harvard.edu/abs/2023MNRAS.tmp..609R/abstract target=ref>Rodriguez et al. 2023</a>,F4 V,6630,1.612,1.516,0.282,[Fe/H],4.205,<a refstr=STASSUN_ET_AL__2019 href=https://ui.adsabs.harvard.edu/abs/2019AJ....158..138S/abstract target=ref>TICv8</a>,01h45m21.35s,26.3389717,+77d47m24.44s,77.7901231,303.006,11.436,9.597,11.2407,3/15/2023,2023-02,3/15/2023,High habitability
TOI-260 b,8.567,TOI-260,1,1,1,Transit,2024,Transiting Exoplanet Survey Satellite (TESS),Published Confirmed,0,<a refstr=HOBSON_ET_AL__2024 href=https://ui.adsabs.harvard.edu/abs/2024arXiv240606278H/abstract target=ref>Hobson et al. 2024</a>,13.475853,0.0943,1.71,0.15255624,4.23,0.01330907,Mass,0,,493,0,<a refstr=HOBSON_ET_AL__2024 href=https://ui.adsabs.harvard.edu/abs/2024arXiv240606278H/abstract target=ref>Hobson et al. 2024</a>,K8 V,4026,0.607,0.616,-0.47,[Fe/H],4.45,<a refstr=STASSUN_ET_AL__2019 href=https://ui.adsabs.harvard.edu/abs/2019AJ....158..138S/abstract target=ref>TICv8</a>,00h19m05.52s,4.7730178,-09d57m58.14s,-9.9661505,20.1852,9.9,6.549,9.3124,8/30/2024,2024-06,8/30/2024,High habitability
K2-139 b,8.333,K2-139,0,1,1,Transit,2017,K2,Published Confirmed,0,<a refstr=BARRAG_AACUTE_N_ET_AL__2018 href=https://ui.adsabs.harvard.edu/abs/2018MNRAS.475.1765B/abstract target=ref>Barrag&aacute;n et al. 2018</a>,28.38236,0.179,9.056872,0.808,123.00021,0.387,Mass,0.12,,565,0,<a refstr=BARRAG_AACUTE_N_ET_AL__2018 href=https://ui.adsabs.harvard.edu/abs/2018MNRAS.475.1765B/abstract target=ref>Barrag&aacute;n et al. 2018</a>,K0 V,5340,0.862,0.919,0.22,[Fe/H],4.5,<a refstr=STASSUN_ET_AL__2019 href=https://ui.adsabs.harvard.edu/abs/2019AJ....158..138S/abstract target=ref>TICv8</a>,19h16m16.01s,289.066707,-17d54m38.57s,-17.9107147,153.856,11.652,9.66,11.4626,10/24/2018,2018-04,12/14/2017,High habitability
TOI-2088 b,8.1,TOI-2088,1,1,1,Transit,2024,Transiting Exoplanet Survey Satellite (TESS),Published Confirmed,0,<a refstr=POLANSKI_ET_AL__2024 href=https://ui.adsabs.harvard.edu/abs/2024ApJS..272...32P/abstract target=ref>Polanski et al. 2024</a>,124.72997,0.472,3.6831179,0.32858634,37,0.11641502,Mass,0,,300.33,0,<a refstr=MACDOUGALL_ET_AL__2023 href=https://ui.adsabs.harvard.edu/abs/2023AJ....166...33M/abstract target=ref>MacDougall et al. 2023</a>,,5081,0.8481,0.9027,0.339,[Fe/H],4.533,<a refstr=STASSUN_ET_AL__2019 href=https://ui.adsabs.harvard.edu/abs/2019AJ....158..138S/abstract target=ref>TICv8</a>,17h25m29.97s,261.3748943,+75d52m56.21s,75.8822796,126.46,11.638,9.521,11.4808,7/22/2024,2024-06,7/22/2024,High habitability
TOI-5205 b,7.9,TOI-5205,1,1,1,Transit,2023,Transiting Exoplanet Survey Satellite (TESS),Published Confirmed,0,<a refstr=KANODIA_ET_AL__2023 href=https://ui.adsabs.harvard.edu/abs/2023AJ....165..120K/abstract target=ref>Kanodia et al. 2023</a>,1.630757,0.0199,11.6,1.03,343,1.08,Mass,0.02,49,737,0,<a refstr=KANODIA_ET_AL__2023 href=https://ui.adsabs.harvard.edu/abs/2023AJ....165..120K/abstract target=ref>Kanodia et al. 2023</a>,M4.0,3430,0.394,0.392,0,[Fe/H],4.84,<a refstr=STASSUN_ET_AL__2019 href=https://ui.adsabs.harvard.edu/abs/2019AJ....158..138S/abstract target=ref>TICv8</a>,20h55m04.96s,313.7706819,+24d21m39.52s,24.360977,86.4493,15.899,11.006,14.9317,3/15/2023,2023-03,3/15/2023,Moderate habitability
K2-24 c,7.872,K2-24,1,1,2,Transit,2016,K2,Published Confirmed,0,<a refstr=PETIGURA_ET_AL__2018 href=https://ui.adsabs.harvard.edu/abs/2018AJ....156...89P/abstract target=ref>Petigura et al. 2018</a>,42.3391,,7.5,0.66910518,15.4,0.04845358,Mass,0.07,,,1,<a refstr=PETIGURA_ET_AL__2018 href=https://ui.adsabs.harvard.edu/abs/2018AJ....156...89P/abstract target=ref>Petigura et al. 2018</a>,,5625,1.16,1.07,0.34,[Fe/H],4.29,<a refstr=STASSUN_ET_AL__2019 href=https://ui.adsabs.harvard.edu/abs/2019AJ....158..138S/abstract target=ref>TICv8</a>,16h10m17.63s,242.5734559,-24d59m26.17s,-24.9906029,170.562,11.275,9.18,10.9072,12/10/2018,2018-09,12/13/2018,Moderate habitability
TOI-1453 c,7.845,TOI-1453,1,2,2,Transit,2025,Transiting Exoplanet Survey Satellite (TESS),Published Confirmed,0,<a refstr=STALPORT_ET_AL__2025 href=https://ui.adsabs.harvard.edu/abs/2025arXiv250307529S/abstract target=ref>Stalport et al. 2025</a>,6.5886982,,2.224,0.19841233,2.95,0.00928174,Mass,0,75.3,819.8,0,<a refstr=STALPORT_ET_AL__2025 href=https://ui.adsabs.harvard.edu/abs/2025arXiv250307529S/abstract target=ref>Stalport et al. 2025</a>,,4975,0.72,0.715,-0.31,[Fe/H],4.576,<a refstr=STASSUN_ET_AL__2019 href=https://ui.adsabs.harvard.edu/abs/2019AJ....158..138S/abstract target=ref>TICv8</a>,17h12m53.58s,258.2232705,+57d11m52.00s,57.1977779,78.7415,11.113,8.686,10.7265,3/17/2025,2025-03,3/17/2025,Moderate habitability
WASP-80 b,7.817,WASP-80,1,1,1,Transit,2012,SuperWASP,Published Confirmed,0,<a refstr=TRIAUD_ET_AL__2015 href=https://ui.adsabs.harvard.edu/abs/2015MNRAS.450.2279T/abstract target=ref>Triaud et al. 2015</a>,3.06785234,0.0344,11.197791,0.999,170.99254,0.538,Mass,0.002,,825,0,<a refstr=TRIAUD_ET_AL__2015 href=https://ui.adsabs.harvard.edu/abs/2015MNRAS.450.2279T/abstract target=ref>Triaud et al. 2015</a>,,4143,0.586,0.577,-0.13,[Fe/H],4.663,<a refstr=STASSUN_ET_AL__2019 href=https://ui.adsabs.harvard.edu/abs/2019AJ....158..138S/abstract target=ref>TICv8</a>,20h12m40.03s,303.1667996,-02d08m39.97s,-2.1444369,49.7876,11.841,8.351,11.273,4/16/2015,2015-07,4/16/2015,Moderate habitability
Kepler-539 b,7.79,Kepler-539,1,1,2,Transit,2016,Kepler,Published Confirmed,0,<a refstr=MANCINI_ET_AL__2016 href=https://ui.adsabs.harvard.edu/abs/2016A&A...590A.112M/abstract target=ref>Mancini et al. 2016</a>,125.63243,0.4988,8.373123,0.747,308.2951,0.97,Mass,0.39,,387.6,1,<a refstr=MANCINI_ET_AL__2016 href=https://ui.adsabs.harvard.edu/abs/2016A&A...590A.112M/abstract target=ref>Mancini et al. 2016</a>,G2 V,5820,0.952,1.048,-0.01,[Fe/H],4.502,<a refstr=STASSUN_ET_AL__2019 href=https://ui.adsabs.harvard.edu/abs/2019AJ....158..138S/abstract target=ref>TICv8</a>,19h56m29.39s,299.1224639,+41d52m00.46s,41.8667953,307.318,12.444,10.915,12.379,5/6/2016,2016-05,5/10/2016,Moderate habitability
HATS-6 b,7.762,HATS-6,1,1,1,Transit,2015,HATSouth,Published Confirmed,0,<a refstr=HARTMAN_ET_AL__2015 href=https://ui.adsabs.harvard.edu/abs/2015AJ....149..166H/abstract target=ref>Hartman et al. 2015</a>,3.3252725,0.03623,11.186582,0.998,101.38777,0.319,Mass,0,,712.8,0,<a refstr=HARTMAN_ET_AL__2015 href=https://ui.adsabs.harvard.edu/abs/2015AJ....149..166H/abstract target=ref>Hartman et al. 2015</a>,M1 V,3724,0.57,0.574,0.2,[Fe/H],4.683,<a refstr=STASSUN_ET_AL__2019 href=https://ui.adsabs.harvard.edu/abs/2019AJ....158..138S/abstract target=ref>TICv8</a>,05h52m35.23s,88.1468079,-19d01m53.86s,-19.0316268,169.318,15.044,11.224,14.3601,5/14/2015,2015-05,5/14/2015,Moderate habitability
HR 858 b,7.735,HR 858,1,2,3,Transit,2019,Transiting Exoplanet Survey Satellite (TESS),Published Confirmed,0,<a refstr=BONFANTI_ET_AL__2025 href=https://ui.adsabs.harvard.edu/abs/2025A&A...693A..90B/abstract target=ref>Bonfanti et al. 2025</a>,3.585287,0.04888,2.004,0.17878521,3.55,0.01116955,Mass,0,,1552,1,<a refstr=BONFANTI_ET_AL__2025 href=https://ui.adsabs.harvard.edu/abs/2025A&A...693A..90B/abstract target=ref>Bonfanti et al. 2025</a>,,6354,1.258,1.204,0.025,[Fe/H],4.3,<a refstr=STASSUN_ET_AL__2019 href=https://ui.adsabs.harvard.edu/abs/2019AJ....158..138S/abstract target=ref>TICv8</a>,02h51m56.39s,42.9849779,-30d48m50.62s,-30.8140609,31.964,6.38,5.149,6.25276,3/3/2025,2025-01,3/3/2025,Moderate habitability
TOI-1694 b,7.707,TOI-1694,0,1,2,Transit,2023,Transiting Exoplanet Survey Satellite (TESS),Published Confirmed,0,<a refstr=VAN_ZANDT_ET_AL__2023 href=https://ui.adsabs.harvard.edu/abs/2023AJ....165...60V/abstract target=ref>Van Zandt et al. 2023</a>,3.77015,,5.44,0.48532513,26.1,0.08211978,Mass,0,,,0,<a refstr=VAN_ZANDT_ET_AL__2023 href=https://ui.adsabs.harvard.edu/abs/2023AJ....165...60V/abstract target=ref>Van Zandt et al. 2023</a>,,5066.4,,0.84,0.12,[Fe/H],4.53,<a refstr=STASSUN_ET_AL__2019 href=https://ui.adsabs.harvard.edu/abs/2019AJ....158..138S/abstract target=ref>TICv8</a>,06h30m59.69s,97.7487104,+66d21m38.14s,66.3605956,124.68,11.446,9.425,11.3103,2/7/2023,2023-02,2/7/2023,Moderate habitability
TOI-1246 b,7.68,TOI-1246,1,1,4,Transit,2022,Transiting Exoplanet Survey Satellite (TESS),Published Confirmed,0,<a refstr=TURTELBOOM_ET_AL__2022 href=https://ui.adsabs.harvard.edu/abs/2022arXiv220411895T/abstract target=ref>Turtelboom et al. 2022</a>,4.30744,0.049,3.01,0.26853468,8.1,0.02548545,Mass,,196,955,0,<a refstr=TURTELBOOM_ET_AL__2022 href=https://ui.adsabs.harvard.edu/abs/2022arXiv220411895T/abstract target=ref>Turtelboom et al. 2022</a>,K V,5151,0.86,0.87,0.17,[Fe/H],4.4,<a refstr=STASSUN_ET_AL__2019 href=https://ui.adsabs.harvard.edu/abs/2019AJ....158..138S/abstract target=ref>TICv8</a>,16h44m27.81s,251.1158702,+70d25m47.97s,70.4299917,169.422,11.632,9.907,11.7291,5/3/2022,2022-04,5/3/2022,Moderate habitability
LTT 9779 b,7.652,LTT 9779,1,1,1,Transit,2020,Transiting Exoplanet Survey Satellite (TESS),Published Confirmed,0,<a refstr=JENKINS_ET_AL__2020 href=https://ui.adsabs.harvard.edu/abs/2020NatAs.tmp..180J/abstract target=ref>Jenkins et al. 2020</a>,0.792052,0.01679,4.72,0.4210902,29.32,0.09225057,Mass,0,,1978,0,<a refstr=JENKINS_ET_AL__2020 href=https://ui.adsabs.harvard.edu/abs/2020NatAs.tmp..180J/abstract target=ref>Jenkins et al. 2020</a>,G7 V,5443,0.949,0.77,0.27,[Fe/H],4.35,<a refstr=STASSUN_ET_AL__2019 href=https://ui.adsabs.harvard.edu/abs/2019AJ....158..138S/abstract target=ref>TICv8</a>,23h54m40.53s,358.6688767,-37d37m41.61s,-37.6282237,80.4373,9.79,8.016,9.60006,9/17/2020,2020-09,9/24/2020,Moderate habitability
Kepler-85 b,7.625,Kepler-85,1,1,4,Transit,2012,Kepler,Published Confirmed,0,<a refstr=LELEU_ET_AL__2023 href=https://ui.adsabs.harvard.edu/abs/2023A&A...669A.117L/abstract target=ref>Leleu et al. 2023</a>,8.3,,1.778,0.15862281,1.84,0.00578929,Mass,0.02,,,1,<a refstr=LELEU_ET_AL__2023 href=https://ui.adsabs.harvard.edu/abs/2023A&A...669A.117L/abstract target=ref>Leleu et al. 2023</a>,,5505.2,0.875,0.928,,,,<a refstr=STASSUN_ET_AL__2019 href=https://ui.adsabs.harvard.edu/abs/2019AJ....158..138S/abstract target=ref>TICv8</a>,19h23m53.63s,290.9734395,+45d17m24.99s,45.2902761,765.025,14.89,13.083,14.766,6/10/2024,2023-01,6/10/2024,Moderate habitability
Kepler-176 c,7.597,Kepler-176,0,1,4,Transit,2014,Kepler,Published Confirmed,0,<a refstr=HADDEN_ET_AL__2014 href=https://ui.adsabs.harvard.edu/abs/2014ApJ...787...80H/abstract target=ref> Hadden et al. 2014 </a>,12.759,,2.56,0.228,23,0.072,Mass,,,,1,<a refstr=HADDEN_ET_AL__2014 href=https://ui.adsabs.harvard.edu/abs/2014ApJ...787...80H/abstract target=ref> Hadden et al. 2014 </a>,,,0.877,0.83,,,,<a refstr=STASSUN_ET_AL__2019 href=https://ui.adsabs.harvard.edu/abs/2019AJ....158..138S/abstract target=ref>TICv8</a>,19h38m40.30s,294.6679021,+43d51m11.56s,43.8532104,527.321,14.767,12.567,14.5446,5/28/2014,2014-05,5/28/2014,Moderate habitability
Kepler-197 c,7.57,Kepler-197,0,2,4,Transit,2014,Kepler,Published Confirmed,0,<a refstr=HADDEN_ET_AL__2014 href=https://ui.adsabs.harvard.edu/abs/2014ApJ...787...80H/abstract target=ref> Hadden et al. 2014 </a>,10.35,,1.23,0.11,5.3,0.017,Mass,,,,0,<a refstr=HADDEN_ET_AL__2014 href=https://ui.adsabs.harvard.edu/abs/2014ApJ...787...80H/abstract target=ref> Hadden et al. 2014 </a>,,,1.12,0.92,,,,<a refstr=STASSUN_ET_AL__2019 href=https://ui.adsabs.harvard.edu/abs/2019AJ....158..138S/abstract target=ref>TICv8</a>,19h40m54.35s,295.2264739,+50d33m33.25s,50.5592348,330.575,11.775,10.535,11.78,5/28/2014,2014-05,5/28/2014,Moderate habitability
HD 136352 d,7.542,HD 136352,1,1,3,Radial Velocity,2019,La Silla Observatory,Published Confirmed,0,<a refstr=DELREZ_ET_AL__2021 href=https://ui.adsabs.harvard.edu/abs/2021NatAs.tmp..106D/abstract target=ref>Delrez et al. 2021</a>,107.245,0.425,2.562,0.22856672,8.82,0.02775082,Mass,0,5.74,431,0,<a refstr=DELREZ_ET_AL__2021 href=https://ui.adsabs.harvard.edu/abs/2021NatAs.tmp..106D/abstract target=ref>Delrez et al. 2021</a>,,5664,1.058,0.87,-0.24,[M/H],4.39,<a refstr=STASSUN_ET_AL__2019 href=https://ui.adsabs.harvard.edu/abs/2019AJ....158..138S/abstract target=ref>TICv8</a>,15h21m45.63s,230.4401147,-48d19m07.74s,-48.3188174,14.682,5.65,4.159,5.48495,8/9/2021,2021-06,8/9/2021,Moderate habitability
Kepler-226 c,7.514,Kepler-226,0,1,3,Transit,2014,Kepler,Published Confirmed,0,<a refstr=HADDEN_ET_AL__2014 href=https://ui.adsabs.harvard.edu/abs/2014ApJ...787...80H/abstract target=ref> Hadden et al. 2014 </a>,5.35,,2.29,0.204,45.2,0.142,Mass,,,,0,<a refstr=HADDEN_ET_AL__2014 href=https://ui.adsabs.harvard.edu/abs/2014ApJ...787...80H/abstract target=ref> Hadden et al. 2014 </a>,,,0.806,0.88,,,,<a refstr=STASSUN_ET_AL__2019 href=https://ui.adsabs.harvard.edu/abs/2019AJ....158..138S/abstract target=ref>TICv8</a>,19h29m30.26s,292.3760942,+47d52m51.45s,47.8809596,980.138,15.563,13.633,15.4026,5/28/2014,2014-05,5/28/2014,Moderate habitability
TOI-1075 b,7.487,TOI-1075,1,1,1,Transit,2022,Transiting Exoplanet Survey Satellite (TESS),Published Confirmed,0,<a refstr=ESSACK_ET_AL__2022 href=https://ui.adsabs.harvard.edu/abs/2022arXiv221014901E/abstract target=ref>Essack et al. 2022</a>,0.6047328,0.01159,1.791,0.15978259,9.95,0.0313062,Mass,0,509.2,1323,0,<a refstr=ESSACK_ET_AL__2022 href=https://ui.adsabs.harvard.edu/abs/2022arXiv221014901E/abstract target=ref>Essack et al. 2022</a>,K9 V/M0 V,3875,0.581,0.604,-0.08,[Fe/H],,<a refstr=STASSUN_ET_AL__2019 href=https://ui.adsabs.harvard.edu/abs/2019AJ....158..138S/abstract target=ref>TICv8</a>,20h39m53.09s,309.9712091,-65d26m58.92s,-65.4496994,61.4592,12.615,9.115,12.0544,11/7/2022,2022-10,11/7/2022,Moderate habitability
TOI-1776 b,7.459,TOI-1776,1,1,1,Transit,2024,Transiting Exoplanet Survey Satellite (TESS),Published Confirmed,0,<a refstr=POLANSKI_ET_AL__2024 href=https://ui.adsabs.harvard.edu/abs/2024ApJS..272...32P/abstract target=ref>Polanski et al. 2024</a>,2.799868,0.0378,1.21612741,0.10849581,1.4,0.00440489,Mass,0,,1269.21,0,<a refstr=MACDOUGALL_ET_AL__2023 href=https://ui.adsabs.harvard.edu/abs/2023AJ....166...33M/abstract target=ref>MacDougall et al. 2023</a>,,5785,0.9356,0.9196,-0.193,[Fe/H],4.457,<a refstr=STASSUN_ET_AL__2019 href=https://ui.adsabs.harvard.edu/abs/2019AJ....158..138S/abstract target=ref>TICv8</a>,10h59m06.55s,164.7772913,+40d59m01.39s,40.9837182,44.647,8.26,6.687,8.09023,7/23/2024,2024-06,7/23/2024,Moderate habitability
HAT-P-24 b,7.432,HAT-P-24,0,2,1,Transit,2010,HATNet,Published Confirmed,0,<a refstr=KJURKCHIEVA_ET_AL__2016 href=https://ui.adsabs.harvard.edu/abs/2016BlgAJ..24..101K/abstract target=ref>Kjurkchieva et al. 2016</a>,3.3552464,0.0465,14.751044,1.316,217.71355,0.685,Mass,,,,0,<a refstr=KJURKCHIEVA_ET_AL__2016 href=https://ui.adsabs.harvard.edu/abs/2016BlgAJ..24..101K/abstract target=ref>Kjurkchieva et al. 2016</a>,,6373,1.322,1.191,-0.16,[Fe/H],,<a refstr=STASSUN_ET_AL__2019 href=https://ui.adsabs.harvard.edu/abs/2019AJ....158..138S/abstract target=ref>TICv8</a>,07h15m18.03s,108.8251171,+14d15m45.38s,14.2626064,415.344,11.762,10.543,11.6396,4/25/2018,2016-01,1/14/2016,Moderate habitability
HD 207496 b,7.404,HD 207496,1,1,1,Transit,2023,Transiting Exoplanet Survey Satellite (TESS),Published Confirmed,0,<a refstr=BARROS_ET_AL__2023 href=https://ui.adsabs.harvard.edu/abs/2023A&A...673A...4B/abstract target=ref>Barros et al. 2023</a>,6.441008,0.0629,2.25,0.2007319,6.1,0.01919275,Mass,0.231,72.9,743,0,<a refstr=BARROS_ET_AL__2023 href=https://ui.adsabs.harvard.edu/abs/2023A&A...673A...4B/abstract target=ref>Barros et al. 2023</a>,K2.5 V,4819,0.769,0.8,0.095,[Fe/H],4.507,<a refstr=STASSUN_ET_AL__2019 href=https://ui.adsabs.harvard.edu/abs/2019AJ....158..138S/abstract target=ref>TICv8</a>,21h54m52.36s,328.7181708,-77d20m19.69s,-77.3388025,23.606,8.23,5.967,7.97255,5/26/2023,2023-05,5/26/2023,Moderate habitability
K2-136 b,7.377,K2-136,1,2,3,Transit,2017,K2,Published Confirmed,0,<a refstr=MAYO_ET_AL__2023 href=https://ui.adsabs.harvard.edu/abs/2023arXiv230402779M/abstract target=ref>Mayo et al. 2023</a>,7.9752,0.0707,1.014,0.09046318,4.3,0.01352931,Mass,0.14,33.5,610,0,<a refstr=MAYO_ET_AL__2023 href=https://ui.adsabs.harvard.edu/abs/2023arXiv230402779M/abstract target=ref>Mayo et al. 2023</a>,,4500,0.677,0.742,-0.02,[M/H],4.68,<a refstr=STASSUN_ET_AL__2019 href=https://ui.adsabs.harvard.edu/abs/2019AJ....158..138S/abstract target=ref>TICv8</a>,04h29m39.09s,67.4128615,+22d52m57.24s,22.8825674,59.2474,11.101,8.368,10.8545,4/10/2023,2023-04,4/10/2023,Moderate habitability
WASP-117 b,7.349,WASP-117,0,1,1,Transit,2014,SuperWASP,Published Confirmed,0,<a refstr=BONOMO_ET_AL__2017 href=https://ui.adsabs.harvard.edu/abs/2017A&A...602A.107B/abstract target=ref>Bonomo et al. 2017</a>,10.02165,0.09464,11.444389,1.021,87.752863,0.2761,Mass,0.3,,,0,<a refstr=BONOMO_ET_AL__2017 href=https://ui.adsabs.harvard.edu/abs/2017A&A...602A.107B/abstract target=ref>Bonomo et al. 2017</a>,,6040,1.17,1.126,-0.11,[Fe/H],,<a refstr=STASSUN_ET_AL__2019 href=https://ui.adsabs.harvard.edu/abs/2019AJ....158..138S/abstract target=ref>TICv8</a>,02h27m06.19s,36.7758112,-50d17m03.93s,-50.2844247,157.963,10.139,8.78,10.0269,3/18/2019,2017-06,3/21/2019,Moderate habitability
TOI-778 b,7.322,TOI-778,1,1,1,Transit,2023,Transiting Exoplanet Survey Satellite (TESS),Published Confirmed,0,<a refstr=CLARK_ET_AL__2023 href=https://ui.adsabs.harvard.edu/abs/2023AJ....165..207C/abstract target=ref>Clark et al. 2023</a>,4.633611,0.06,15.4,1.37,878,2.8,Mass,0.21,,1561,0,<a refstr=CLARK_ET_AL__2023 href=https://ui.adsabs.harvard.edu/abs/2023AJ....165..207C/abstract target=ref>Clark et al. 2023</a>,F3 V,6643,1.71,1.4,0,[M/H],4.05,<a refstr=STASSUN_ET_AL__2019 href=https://ui.adsabs.harvard.edu/abs/2019AJ....158..138S/abstract target=ref>TICv8</a>,13h17m20.12s,199.3338503,-15d16m25.34s,-15.2737046,161.743,9.109,8.055,8.99436,5/3/2023,2023-05,5/3/2023,Moderate habitability
WASP-145 A b,7.294,WASP-145 A,1,2,1,Transit,2018,SuperWASP-South,Published Confirmed,0,<a refstr=HELLIER_ET_AL__2019 href=https://ui.adsabs.harvard.edu/abs/2019MNRAS.482.1379H/abstract target=ref>Hellier et al. 2019</a>,1.7690381,0.0261,10.0881,0.9,282.8687,0.89,Mass,0,,1200,0,<a refstr=HELLIER_ET_AL__2019 href=https://ui.adsabs.harvard.edu/abs/2019MNRAS.482.1379H/abstract target=ref>Hellier et al. 2019</a>,K2 V,4900,0.68,0.76,-0.04,,4.65,<a refstr=STASSUN_ET_AL__2019 href=https://ui.adsabs.harvard.edu/abs/2019AJ....158..138S/abstract target=ref>TICv8</a>,21h29m00.90s,322.2537644,-58d50m10.13s,-58.8361466,91.299,11.636,9.194,11.3583,10/24/2018,2019-01,10/26/2018,Moderate habitability
GJ 1214 b,7.267,GJ 1214,0,1,1,Transit,2009,MEarth Project,Published Confirmed,0,<a refstr=CHARBONNEAU_ET_AL__2009 href=https://ui.adsabs.harvard.edu/abs/2009Natur.462..891C/abstract target=ref> Charbonneau et al. 2009 </a>,1.5803925,,2.678,0.239,6.55,0.021,Mass,0.14,,555,0,<a refstr=CHARBONNEAU_ET_AL__2009 href=https://ui.adsabs.harvard.edu/abs/2009Natur.462..891C/abstract target=ref> Charbonneau et al. 2009 </a>,,3026,0.211,0.157,,,4.991,<a refstr=STASSUN_ET_AL__2019 href=https://ui.adsabs.harvard.edu/abs/2019AJ....158..138S/abstract target=ref>TICv8</a>,17h15m19.54s,258.8313991,+04d57m38.45s,4.9606795,14.6427,15.1,8.782,13.0089,1/27/2016,2009-12,1/28/2016,Moderate habitability
TOI-1194 b,7.239,TOI-1194,0,1,1,Transit,2023,Transiting Exoplanet Survey Satellite (TESS),Published Confirmed,0,<a refstr=WANG_ET_AL__2023 href=https://ui.adsabs.harvard.edu/abs/2023arXiv231012458W/abstract target=ref>Wang et al. 2023</a>,2.310644,0.03428,8.5972882,0.767,144.9297536,0.456,Mass,0.076,,1391,0,<a refstr=WANG_ET_AL__2023 href=https://ui.adsabs.harvard.edu/abs/2023arXiv231012458W/abstract target=ref>Wang et al. 2023</a>,,5446,0.963,1.007,0.29,[Fe/H],4.473,<a refstr=STASSUN_ET_AL__2019 href=https://ui.adsabs.harvard.edu/abs/2019AJ....158..138S/abstract target=ref>TICv8</a>,11h11m17.16s,167.8214811,+69d57m53.19s,69.9647749,149.667,11.302,9.34,10.9887,11/6/2023,2023-10,11/6/2023,Moderate habitability
HD 80653 b,7.212,HD 80653,0,1,2,Transit,2020,K2,Published Confirmed,0,<a refstr=FRUSTAGLI_ET_AL__2020 href=https://ui.adsabs.harvard.edu/abs/2020A&A...633A.133F/abstract target=ref>Frustagli et al. 2020</a>,0.719573,0.0166,1.613,0.14390222,5.6,0.01761948,Mass,,,,0,<a refstr=FRUSTAGLI_ET_AL__2020 href=https://ui.adsabs.harvard.edu/abs/2020A&A...633A.133F/abstract target=ref>Frustagli et al. 2020</a>,G2,,1.22,1.18,,,4.34,<a refstr=STASSUN_ET_AL__2019 href=https://ui.adsabs.harvard.edu/abs/2019AJ....158..138S/abstract target=ref>TICv8</a>,09h21m21.38s,140.3390845,+14d22m04.33s,14.3678691,109.86,9.452,8.018,9.30733,1/23/2020,2020-01,1/30/2020,Moderate habitability
TOI-2128 b,7.184,TOI-2128,1,1,1,Transit,2024,Transiting Exoplanet Survey Satellite (TESS),Published Confirmed,0,<a refstr=POLANSKI_ET_AL__2024 href=https://ui.adsabs.harvard.edu/abs/2024ApJS..272...32P/abstract target=ref>Polanski et al. 2024</a>,16.34136,0.127,2.08874836,0.18634597,4.5,0.01415858,Mass,0,,780.53,0,<a refstr=MACDOUGALL_ET_AL__2023 href=https://ui.adsabs.harvard.edu/abs/2023AJ....166...33M/abstract target=ref>MacDougall et al. 2023</a>,,5968,1.1174,1.0251,-0.07,[Fe/H],4.349,<a refstr=STASSUN_ET_AL__2019 href=https://ui.adsabs.harvard.edu/abs/2019AJ....158..138S/abstract target=ref>TICv8</a>,17h07m55.63s,256.9817998,+32d06m19.09s,32.1053027,36.578,7.22142,5.821,7.06642,7/23/2024,2024-06,7/23/2024,Moderate habitability
Kepler-55 c,7.157,Kepler-55,0,1,5,Transit,2012,Kepler,Published Confirmed,0,<a refstr=HADDEN_ET_AL__2014 href=https://ui.adsabs.harvard.edu/abs/2014ApJ...787...80H/abstract target=ref> Hadden et al. 2014 </a>,42.126,,2.35,0.21,69.8,0.22,Mass,,,,1,<a refstr=HADDEN_ET_AL__2014 href=https://ui.adsabs.harvard.edu/abs/2014ApJ...787...80H/abstract target=ref> Hadden et al. 2014 </a>,,,0.658,0.65,,,,<a refstr=STASSUN_ET_AL__2019 href=https://ui.adsabs.harvard.edu/abs/2019AJ....158..138S/abstract target=ref>TICv8</a>,19h00m40.40s,285.1683291,+44d01m35.36s,44.0264898,578.796,15.746,13.289,15.7813,5/28/2014,2014-05,5/28/2014,Moderate habitability
WASP-159 b,7.129,WASP-159,1,1,1,Transit,2018,SuperWASP-South,Published Confirmed,0,<a refstr=HELLIER_ET_AL__2019 href=https://ui.adsabs.harvard.edu/abs/2019MNRAS.482.1379H/abstract target=ref>Hellier et al. 2019</a>,3.840401,0.0538,15.46842,1.38,174.8065,0.55,Mass,0,,1850,0,<a refstr=HELLIER_ET_AL__2019 href=https://ui.adsabs.harvard.edu/abs/2019MNRAS.482.1379H/abstract target=ref>Hellier et al. 2019</a>,F9,6120,2.11,1.41,0.22,,3.94,<a refstr=STASSUN_ET_AL__2019 href=https://ui.adsabs.harvard.edu/abs/2019AJ....158..138S/abstract target=ref>TICv8</a>,04h32m32.76s,68.1364792,-38d58m05.87s,-38.9682973,715.383,12.836,11.017,12.2951,10/24/2018,2019-01,10/26/2018,Moderate habitability
TOI-1422 b,7.101,TOI-1422,1,1,1,Transit,2022,Transiting Exoplanet Survey Satellite (TESS),Published Confirmed,0,<a refstr=NAPONIELLO_ET_AL__2022 href=https://ui.adsabs.harvard.edu/abs/2022arXiv220703293N/abstract target=ref>Naponiello et al. 2022</a>,12.9972,0.108,3.96,0.35328815,9,0.02831717,Mass,0.04,,867,0,<a refstr=NAPONIELLO_ET_AL__2022 href=https://ui.adsabs.harvard.edu/abs/2022arXiv220703293N/abstract target=ref>Naponiello et al. 2022</a>,G2 V,5840,1.019,0.981,-0.09,[Fe/H],4.41,<a refstr=STASSUN_ET_AL__2019 href=https://ui.adsabs.harvard.edu/abs/2019AJ....158..138S/abstract target=ref>TICv8</a>,23h36m57.80s,354.240829,+39d38m21.41s,39.6392793,155.141,10.622,9.19,10.5521,7/18/2022,2022-07,7/18/2022,Moderate habitability
Kepler-238 e,7.074,Kepler-238,1,1,5,Transit,2013,Kepler,Published Confirmed,0,<a refstr=XIE_2014 href=https://ui.adsabs.harvard.edu/abs/2014ApJS..210...25X/abstract target=ref>Xie 2014</a>,23.654,,5.6,0.5,169.7,0.534,Mass,,,,1,<a refstr=XIE_2014 href=https://ui.adsabs.harvard.edu/abs/2014ApJS..210...25X/abstract target=ref>Xie 2014</a>,,,0.96,1.06,,,4.49,<a refstr=STASSUN_ET_AL__2019 href=https://ui.adsabs.harvard.edu/abs/2019AJ....158..138S/abstract target=ref>TICv8</a>,19h11m35.31s,287.8971066,+40d38m16.13s,40.6378141,1798.75,15.297,13.512,15.0243,5/14/2014,2014-02,5/14/2014,Moderate habitability
WASP-89 b,7.046,WASP-89,0,1,1,Transit,2015,SuperWASP,Published Confirmed,0,<a refstr=BONOMO_ET_AL__2017 href=https://ui.adsabs.harvard.edu/abs/2017A&A...602A.107B/abstract target=ref>Bonomo et al. 2017</a>,3.3564227,0.0428,11.65736,1.04,1843.414,5.8,Mass,0.1928,,,0,<a refstr=BONOMO_ET_AL__2017 href=https://ui.adsabs.harvard.edu/abs/2017A&A...602A.107B/abstract target=ref>Bonomo et al. 2017</a>,,5000,0.88,0.92,0.15,,,<a refstr=STASSUN_ET_AL__2019 href=https://ui.adsabs.harvard.edu/abs/2019AJ....158..138S/abstract target=ref>TICv8</a>,20h55m36.01s,313.9000261,-18d58m17.07s,-18.9714084,290.946,13.21,11.004,12.989,3/18/2019,2017-06,3/21/2019,Moderate habitability
WASP-144 b,7.019,WASP-144,1,1,1,Transit,2018,SuperWASP-South,Published Confirmed,0,<a refstr=HELLIER_ET_AL__2019 href=https://ui.adsabs.harvard.edu/abs/2019MNRAS.482.1379H/abstract target=ref>Hellier et al. 2019</a>,2.2783152,0.0316,9.52765,0.85,139.8452,0.44,Mass,0,,1260,0,<a refstr=HELLIER_ET_AL__2019 href=https://ui.adsabs.harvard.edu/abs/2019MNRAS.482.1379H/abstract target=ref>Hellier et al. 2019</a>,K2 V,5200,0.81,0.81,0.18,,4.53,<a refstr=STASSUN_ET_AL__2019 href=https://ui.adsabs.harvard.edu/abs/2019AJ....158..138S/abstract target=ref>TICv8</a>,21h23m03.09s,320.7628761,-40d02m54.38s,-40.0484393,355.513,13.085,10.897,12.915,10/24/2018,2019-01,10/26/2018,Moderate habitability
TOI-2202 b,6.991,TOI-2202,1,1,2,Transit,2021,Transiting Exoplanet Survey Satellite (TESS),Published Confirmed,0,<a refstr=RICE_ET_AL__2023 href=https://ui.adsabs.harvard.edu/abs/2023AJ....166..266R/abstract target=ref>Rice et al. 2023</a>,11.9126075,,10.95117414,0.977,287.3168799,0.904,Mass,0.022,,,1,<a refstr=RICE_ET_AL__2023 href=https://ui.adsabs.harvard.edu/abs/2023AJ....166..266R/abstract target=ref>Rice et al. 2023</a>,,5169,0.808,0.841,0.059,[Fe/H],4.548,<a refstr=STASSUN_ET_AL__2019 href=https://ui.adsabs.harvard.edu/abs/2019AJ....158..138S/abstract target=ref>TICv8</a>,03h24m54.82s,51.2284214,-73d57m27.16s,-73.9575458,235.933,13.004,10.8,12.7606,4/16/2025,2023-12,4/16/2025,Moderate habitability
TIC 279401253 b,6.964,TIC 279401253,1,1,2,Transit,2023,Transiting Exoplanet Survey Satellite (TESS),Published Confirmed,0,<a refstr=BOZHILOV_ET_AL__2023 href=https://ui.adsabs.harvard.edu/abs/2023arXiv230210838B/abstract target=ref>Bozhilov et al. 2023</a>,76.8,0.369,11.2089807,1,1951.466419,6.14,Mass,0.448,,,0,<a refstr=BOZHILOV_ET_AL__2023 href=https://ui.adsabs.harvard.edu/abs/2023arXiv230210838B/abstract target=ref>Bozhilov et al. 2023</a>,,5951,1.06,1.13,0.2,[Fe/H],4.438,<a refstr=STASSUN_ET_AL__2019 href=https://ui.adsabs.harvard.edu/abs/2019AJ....158..138S/abstract target=ref>TICv8</a>,03h50m37.73s,57.6572277,-15d01m34.41s,-15.0262251,285.584,11.938,10.345,11.6965,3/15/2023,2023-02,3/15/2023,Moderate habitability
EPIC 229004835 b,6.936,EPIC 229004835,1,1,1,Transit,2023,K2,Published Confirmed,0,<a refstr=BONOMO_ET_AL__2023 href=https://ui.adsabs.harvard.edu/abs/2023arXiv230405773B/abstract target=ref>Bonomo et al. 2023</a>,16.141132,0.1237,2.332,0.20804746,10.4,0.03272206,Mass,0.23,69.7,804,0,<a refstr=BONOMO_ET_AL__2023 href=https://ui.adsabs.harvard.edu/abs/2023arXiv230405773B/abstract target=ref>Bonomo et al. 2023</a>,,5868,0.999,0.97,-0.12,[Fe/H],,<a refstr=STASSUN_ET_AL__2019 href=https://ui.adsabs.harvard.edu/abs/2019AJ....158..138S/abstract target=ref>TICv8</a>,12h25m56.65s,186.4860415,-01d24m17.00s,-1.4047214,121.971,10.23,8.725,10.0494,5/3/2023,2023-04,5/3/2023,Moderate habitability
TOI-1184 b,6.909,TOI-1184,0,1,1,Transit,2024,Transiting Exoplanet Survey Satellite (TESS),Published Confirmed,0,<a refstr=POLANSKI_ET_AL__2024 href=https://ui.adsabs.harvard.edu/abs/2024ApJS..272...32P/abstract target=ref>Polanski et al. 2024</a>,5.748432,0.056,2.40974309,0.21498325,6.8,0.02139519,Mass,0,,715.47,0,<a refstr=MACDOUGALL_ET_AL__2023 href=https://ui.adsabs.harvard.edu/abs/2023AJ....166...33M/abstract target=ref>MacDougall et al. 2023</a>,,4617,0.6972,0.7271,0.017,[Fe/H],4.612,<a refstr=STASSUN_ET_AL__2019 href=https://ui.adsabs.harvard.edu/abs/2019AJ....158..138S/abstract target=ref>TICv8</a>,18h08m49.08s,272.2045196,+60d40m43.62s,60.6787845,58.5946,10.988,8.317,10.622,7/23/2024,2024-06,7/23/2024,Moderate habitability
KOI-4777.01,6.881,KOI-4777,1,1,1,Transit,2022,Kepler,Published Confirmed,0,<a refstr=CA_NTILDE_AS_ET_AL__2022 href=https://ui.adsabs.harvard.edu/abs/2022AJ....163....3C/abstract target=ref>Ca&ntilde;as et al. 2022</a>,0.412,0.008,0.51,0.04549923,99.2,0.3121181,Mass,0,320,1180,0,<a refstr=CA_NTILDE_AS_ET_AL__2022 href=https://ui.adsabs.harvard.edu/abs/2022AJ....163....3C/abstract target=ref>Ca&ntilde;as et al. 2022</a>,,3515,0.4,0.41,0.1,[Fe/H],4.77,<a refstr=STASSUN_ET_AL__2019 href=https://ui.adsabs.harvard.edu/abs/2019AJ....158..138S/abstract target=ref>TICv8</a>,19h09m02.92s,287.2621474,+42d01m56.01s,42.0322257,172.245,16.413,12.449,15.8525,1/10/2022,2022-01,1/10/2022,Moderate habitability
TOI-628 b,6.854,TOI-628,1,1,1,Transit,2021,Transiting Exoplanet Survey Satellite (TESS),Published Confirmed,0,<a refstr=RODRIGUEZ_ET_AL__2021 href=https://ui.adsabs.harvard.edu/abs/2021AJ....161..194R/abstract target=ref>Rodriguez et al. 2021</a>,3.4095675,0.0486,11.88154,1.06,2011.8639,6.33,Mass,0.072,,1586,0,<a refstr=RODRIGUEZ_ET_AL__2021 href=https://ui.adsabs.harvard.edu/abs/2021AJ....161..194R/abstract target=ref>Rodriguez et al. 2021</a>,,6250,1.345,1.311,0.258,[Fe/H],4.3,<a refstr=STASSUN_ET_AL__2019 href=https://ui.adsabs.harvard.edu/abs/2019AJ....158..138S/abstract target=ref>TICv8</a>,06h37m03.13s,99.2630608,+01d46m03.18s,1.7675497,178.68,10.112,8.811,10.0579,2/25/2021,2021-04,3/4/2021,Moderate habitability
TOI-1807 b,6.826,TOI-1807,1,1,1,Transit,2021,Transiting Exoplanet Survey Satellite (TESS),Published Confirmed,0,<a refstr=POLANSKI_ET_AL__2024 href=https://ui.adsabs.harvard.edu/abs/2024ApJS..272...32P/abstract target=ref>Polanski et al. 2024</a>,0.54937097,0.0122,1.49681583,0.13353719,2.44,0.0076771,Mass,0,,1694.1,0,<a refstr=MACDOUGALL_ET_AL__2023 href=https://ui.adsabs.harvard.edu/abs/2023AJ....166...33M/abstract target=ref>MacDougall et al. 2023</a>,,4914,0.746,0.8048,0.044,[Fe/H],4.598,<a refstr=STASSUN_ET_AL__2019 href=https://ui.adsabs.harvard.edu/abs/2019AJ....158..138S/abstract target=ref>TICv8</a>,13h25m07.83s,201.2826259,+38d55m20.52s,38.9223671,42.5775,10,7.568,9.67517,7/23/2024,2024-06,7/23/2024,Moderate habitability
Kepler-104 c,6.799,Kepler-104,0,2,3,Transit,2014,Kepler,Published Confirmed,0,<a refstr=WEISS_ET_AL__2024 href=https://ui.adsabs.harvard.edu/abs/2024ApJS..270....8W/abstract target=ref>Weiss et al. 2024</a>,23.66836427,0.150881658,2.36,0.21054546,7.14430805,0.02247458,Msini,0,,,0,<a refstr=WEISS_ET_AL__2024 href=https://ui.adsabs.harvard.edu/abs/2024ApJS..270....8W/abstract target=ref>Weiss et al. 2024</a>,,,,0.818,,,,<a refstr=STASSUN_ET_AL__2019 href=https://ui.adsabs.harvard.edu/abs/2019AJ....158..138S/abstract target=ref>TICv8</a>,19h10m25.12s,287.6046621,+42d09m59.44s,42.1665104,400.785,12.697,11.209,12.5697,2/21/2024,2024-01,2/21/2024,Moderate habitability
K2-34 b,6.771,K2-34,0,1,1,Transit,2016,K2,Published Confirmed,0,<a refstr=STASSUN_ET_AL__2017 href=https://ui.adsabs.harvard.edu/abs/2017AJ....153..136S/abstract target=ref>Stassun et al. 2017</a>,2.99561,,11.99363,1.07,352.7913,1.11,Mass,0,,,0,<a refstr=STASSUN_ET_AL__2017 href=https://ui.adsabs.harvard.edu/abs/2017AJ....153..136S/abstract target=ref>Stassun et al. 2017</a>,,6132,1.22,0.64,0.24,[Fe/H],4.17,<a refstr=STASSUN_ET_AL__2019 href=https://ui.adsabs.harvard.edu/abs/2019AJ....158..138S/abstract target=ref>TICv8</a>,08h30m18.89s,127.5787231,+22d14m09.31s,22.2359194,348.646,11.447,10.193,11.4357,10/24/2018,2017-03,4/26/2018,Moderate habitability
WASP-162 b,6.743,WASP-162,1,1,1,Transit,2018,SuperWASP-South,Published Confirmed,0,<a refstr=HELLIER_ET_AL__2019 href=https://ui.adsabs.harvard.edu/abs/2019MNRAS.482.1379H/abstract target=ref>Hellier et al. 2019</a>,9.62468,0.0871,11.209,1,1652.716,5.2,Mass,0.434,,910,0,<a refstr=HELLIER_ET_AL__2019 href=https://ui.adsabs.harvard.edu/abs/2019MNRAS.482.1379H/abstract target=ref>Hellier et al. 2019</a>,K0,5300,1.11,0.95,0.28,,4.33,<a refstr=STASSUN_ET_AL__2019 href=https://ui.adsabs.harvard.edu/abs/2019AJ....158..138S/abstract target=ref>TICv8</a>,11h13m10.30s,168.2929079,-17d39m28.01s,-17.6577794,310.841,12.213,10.466,12.0652,10/24/2018,2019-01,10/26/2018,Moderate habitability
Kepler-219 d,6.716,Kepler-219,0,1,3,Transit,2014,Kepler,Published Confirmed,0,<a refstr=HADDEN_ET_AL__2014 href=https://ui.adsabs.harvard.edu/abs/2014ApJ...787...80H/abstract target=ref> Hadden et al. 2014 </a>,47.904,,2.51,0.224,19.1,0.06,Mass,,,,0,<a refstr=HADDEN_ET_AL__2014 href=https://ui.adsabs.harvard.edu/abs/2014ApJ...787...80H/abstract target=ref> Hadden et al. 2014 </a>,,,1.332,1.15,,,,<a refstr=STASSUN_ET_AL__2019 href=https://ui.adsabs.harvard.edu/abs/2019AJ....158..138S/abstract target=ref>TICv8</a>,19h14m57.35s,288.7389481,+46d45m45.33s,46.7625929,787.07,13.823,12.389,13.7179,5/28/2014,2014-05,5/28/2014,Moderate habitability
TOI-2095 b,6.688,TOI-2095,1,1,2,Transit,2023,Transiting Exoplanet Survey Satellite (TESS),Published Confirmed,0,<a refstr=MURGAS_ET_AL__2023 href=https://ui.adsabs.harvard.edu/abs/2023arXiv230409220M/abstract target=ref>Murgas et al. 2023</a>,17.66484,0.101,1.25,0.11151772,4.1,0.01290004,Mass,0,3.43,347,0,<a refstr=MURGAS_ET_AL__2023 href=https://ui.adsabs.harvard.edu/abs/2023arXiv230409220M/abstract target=ref>Murgas et al. 2023</a>,M2.5 V,3759,0.44,0.44,-0.24,[Fe/H],5.11,<a refstr=STASSUN_ET_AL__2019 href=https://ui.adsabs.harvard.edu/abs/2019AJ....158..138S/abstract target=ref>TICv8</a>,19h02m32.77s,285.6365235,+75d25m06.65s,75.4185135,41.9176,13.19,8.988,12.094,8/22/2023,2023-04,8/22/2023,Moderate habitability
TOI-2158 b,6.661,TOI-2158,1,1,1,Transit,2022,Transiting Exoplanet Survey Satellite (TESS),Published Confirmed,0,<a refstr=KNUDSTRUP_ET_AL__2022 href=https://ui.adsabs.harvard.edu/abs/2022arXiv220413956K/abstract target=ref>Knudstrup et al. 2022</a>,8.60077,0.075,10.76062147,0.96,260.6192937,0.82,Mass,0.07,,1188,0,<a refstr=KNUDSTRUP_ET_AL__2022 href=https://ui.adsabs.harvard.edu/abs/2022arXiv220413956K/abstract target=ref>Knudstrup et al. 2022</a>,,5673,1.41,1.12,0.47,[Fe/H],4.19,<a refstr=STASSUN_ET_AL__2019 href=https://ui.adsabs.harvard.edu/abs/2019AJ....158..138S/abstract target=ref>TICv8</a>,18h27m14.41s,276.8100527,+20d31m36.79s,20.5268868,198.473,10.887,9.071,10.6718,9/19/2022,2022-04,9/19/2022,Moderate habitability
HAT-P-49 b,6.633,HAT-P-49,0,1,1,Transit,2014,HATNet,Published Confirmed,0,<a refstr=BIERYLA_ET_AL__2014 href=https://ui.adsabs.harvard.edu/abs/2014AJ....147...84B/abstract target=ref> Bieryla et al. 2014 </a>,2.691548,0.0438,15.838,1.413,549.823,1.73,Mass,0,,2131,0,<a refstr=BIERYLA_ET_AL__2014 href=https://ui.adsabs.harvard.edu/abs/2014AJ....147...84B/abstract target=ref> Bieryla et al. 2014 </a>,F,6820,1.833,1.543,0.074,[Fe/H],4.1,<a refstr=STASSUN_ET_AL__2019 href=https://ui.adsabs.harvard.edu/abs/2019AJ....158..138S/abstract target=ref>TICv8</a>,20h21m45.92s,305.4413294,+26d41m33.63s,26.6926759,350.351,10.205,9.346,10.2071,4/25/2018,2014-04,5/14/2014,Moderate habitability
TOI-2583 A b,6.606,TOI-2583 A,1,2,1,Transit,2023,Transiting Exoplanet Survey Satellite (TESS),Published Confirmed,0,<a refstr=YEE_ET_AL__2023 href=https://ui.adsabs.harvard.edu/abs/2023ApJS..265....1Y/abstract target=ref>Yee et al. 2023</a>,4.5207265,0.0571,14.4595851,1.29,79.45710175,0.25,Mass,0,750.9,1456,0,<a refstr=YEE_ET_AL__2023 href=https://ui.adsabs.harvard.edu/abs/2023ApJS..265....1Y/abstract target=ref>Yee et al. 2023</a>,,5936,1.477,1.215,0.158,[Fe/H],4.184,<a refstr=STASSUN_ET_AL__2019 href=https://ui.adsabs.harvard.edu/abs/2019AJ....158..138S/abstract target=ref>TICv8</a>,18h09m04.09s,272.2670293,+45d20m12.84s,45.3368996,566.189,12.586,11.245,12.4592,2/27/2023,2023-03,2/27/2023,Moderate habitability
HD 110067 f,6.578,HD 110067,1,3,6,Transit,2023,Multiple Observatories,Published Confirmed,0,<a refstr=LUQUE_ET_AL__2023 href=https://ui.adsabs.harvard.edu/abs/2023Natur.623..932L/abstract target=ref>Luque et al. 2023</a>,41.05854,0.2163,2.601,0.23204608,5.04,0.01585761,Mass,,,489,0,<a refstr=LUQUE_ET_AL__2023 href=https://ui.adsabs.harvard.edu/abs/2023Natur.623..932L/abstract target=ref>Luque et al. 2023</a>,K0.0 V,5266,0.788,0.798,-0.2,[Fe/H],4.54,<a refstr=STASSUN_ET_AL__2019 href=https://ui.adsabs.harvard.edu/abs/2019AJ....158..138S/abstract target=ref>TICv8</a>,12h39m21.41s,189.8392243,+20d01m38.42s,20.0273377,32.1585,8.419,6.492,8.17208,12/5/2023,2023-11,12/5/2023,Moderate habitability
TOI-815 c,6.551,TOI-815,1,2,2,Transit,2024,Transiting Exoplanet Survey Satellite (TESS),Published Confirmed,0,<a refstr=PSARIDI_ET_AL__2024 href=https://ui.adsabs.harvard.edu/abs/2024A&A...685A...5P/abstract target=ref>Psaridi et al. 2024</a>,34.976145,0.193,2.62,0.23374115,23.5,0.07393927,Mass,0.22,8.03,469,0,<a refstr=PSARIDI_ET_AL__2024 href=https://ui.adsabs.harvard.edu/abs/2024A&A...685A...5P/abstract target=ref>Psaridi et al. 2024</a>,K3 V,4869,0.77,0.776,-0.09,[Fe/H],4.51,<a refstr=STASSUN_ET_AL__2019 href=https://ui.adsabs.harvard.edu/abs/2019AJ....158..138S/abstract target=ref>TICv8</a>,10h23m29.27s,155.8719377,-43d50m05.73s,-43.8349248,59.7117,10.217,7.999,9.93978,5/13/2024,2024-05,5/13/2024,Moderate habitability
Kepler-176 d,6.523,Kepler-176,0,1,4,Transit,2014,Kepler,Published Confirmed,0,<a refstr=HADDEN_ET_AL__2014 href=https://ui.adsabs.harvard.edu/abs/2014ApJ...787...80H/abstract target=ref> Hadden et al. 2014 </a>,25.752,,2.47,0.22,15.2,0.048,Mass,,,,1,<a refstr=HADDEN_ET_AL__2014 href=https://ui.adsabs.harvard.edu/abs/2014ApJ...787...80H/abstract target=ref> Hadden et al. 2014 </a>,,,0.877,0.83,,,,<a refstr=STASSUN_ET_AL__2019 href=https://ui.adsabs.harvard.edu/abs/2019AJ....158..138S/abstract target=ref>TICv8</a>,19h38m40.30s,294.6679021,+43d51m11.56s,43.8532104,527.321,14.767,12.567,14.5446,5/28/2014,2014-05,5/28/2014,Moderate habitability
K2-100 b,6.496,K2-100,1,1,1,Transit,2016,K2,Published Confirmed,0,<a refstr=BARRAG_AACUTE_N_ET_AL__2019 href=https://ui.adsabs.harvard.edu/abs/2019MNRAS.490..698B/abstract target=ref>Barrag&aacute;n et al. 2019</a>,1.6739035,0.0301,3.88,0.34615101,21.8,0.06859047,Mass,0,1915,1841,0,<a refstr=BARRAG_AACUTE_N_ET_AL__2019 href=https://ui.adsabs.harvard.edu/abs/2019MNRAS.490..698B/abstract target=ref>Barrag&aacute;n et al. 2019</a>,G0 V,5945,1.24,1.15,0.22,[Fe/H],4.33,<a refstr=STASSUN_ET_AL__2019 href=https://ui.adsabs.harvard.edu/abs/2019AJ....158..138S/abstract target=ref>TICv8</a>,08h38m24.26s,129.6010863,+20d06m21.63s,20.1060074,188.959,10.651,9.182,10.4053,7/12/2021,2019-11,7/12/2021,Moderate habitability
HATS-34 b,6.468,HATS-34,1,1,1,Transit,2016,HATSouth,Published Confirmed,0,<a refstr=DE_VAL_BORRO_ET_AL__2016 href=https://ui.adsabs.harvard.edu/abs/2016AJ....152..161D/abstract target=ref>de Val-Borro et al. 2016</a>,2.1061607,0.03166,16.02887,1.43,299.07803,0.941,Mass,0.108,,1445,0,<a refstr=DE_VAL_BORRO_ET_AL__2016 href=https://ui.adsabs.harvard.edu/abs/2016AJ....152..161D/abstract target=ref>de Val-Borro et al. 2016</a>,,5380,0.98,0.955,0.25,[Fe/H],4.435,<a refstr=STASSUN_ET_AL__2019 href=https://ui.adsabs.harvard.edu/abs/2019AJ....158..138S/abstract target=ref>TICv8</a>,00h03m05.88s,0.7744866,-62d28m09.54s,-62.4693167,508.842,13.857,12.095,13.679,11/30/2016,2016-12,12/1/2016,Moderate habitability
TOI-733 b,6.441,TOI-733,1,1,1,Transit,2023,Transiting Exoplanet Survey Satellite (TESS),Published Confirmed,0,<a refstr=GEORGIEVA_ET_AL__2023 href=https://ui.adsabs.harvard.edu/abs/2023arXiv230406655G/abstract target=ref>Georgieva et al. 2023</a>,4.884765,0.0618,1.992,0.17771464,5.72,0.01799713,Mass,0.046,207.1,1055.8,0,<a refstr=GEORGIEVA_ET_AL__2023 href=https://ui.adsabs.harvard.edu/abs/2023arXiv230406655G/abstract target=ref>Georgieva et al. 2023</a>,G,5585,0.949,0.956,-0.04,[Fe/H],4.47,<a refstr=STASSUN_ET_AL__2019 href=https://ui.adsabs.harvard.edu/abs/2019AJ....158..138S/abstract target=ref>TICv8</a>,10h37m38.24s,159.4093183,-40d53m17.73s,-40.888259,75.2092,9.44,7.845,9.28881,4/17/2023,2023-04,4/17/2023,Moderate habitability
TOI-1221 b,6.413,TOI-1221,1,1,1,Transit,2023,Transiting Exoplanet Survey Satellite (TESS),Published Confirmed,0,<a refstr=MANN_ET_AL__2023 href=https://ui.adsabs.harvard.edu/abs/2023AJ....165..217M/abstract target=ref>Mann et al. 2023</a>,91.68278,0.387,2.91,0.25961326,1112.399425,3.5,Mass,0.21,6.06,440,1,<a refstr=MANN_ET_AL__2023 href=https://ui.adsabs.harvard.edu/abs/2023AJ....165..217M/abstract target=ref>Mann et al. 2023</a>,,5592,1.031,0.93,0.06,[Fe/H],4.38,<a refstr=STASSUN_ET_AL__2019 href=https://ui.adsabs.harvard.edu/abs/2019AJ....158..138S/abstract target=ref>TICv8</a>,07h11m41.05s,107.9210254,-65d30m31.88s,-65.5088568,138.411,10.494,9.036,10.5262,5/16/2023,2023-05,5/16/2023,Moderate habitability
TOI-3819 b,6.386,TOI-3819,1,1,1,Transit,2023,Transiting Exoplanet Survey Satellite (TESS),Published Confirmed,0,<a refstr=YEE_ET_AL__2023 href=https://ui.adsabs.harvard.edu/abs/2023ApJS..265....1Y/abstract target=ref>Yee et al. 2023</a>,3.2443141,0.04611,13.13692538,1.172,352.7895318,1.11,Mass,0,1186,1633,0,<a refstr=YEE_ET_AL__2023 href=https://ui.adsabs.harvard.edu/abs/2023ApJS..265....1Y/abstract target=ref>Yee et al. 2023</a>,,5859,1.538,1.242,0.273,[Fe/H],4.156,<a refstr=STASSUN_ET_AL__2019 href=https://ui.adsabs.harvard.edu/abs/2019AJ....158..138S/abstract target=ref>TICv8</a>,08h07m27.18s,121.8632568,+29d23m19.12s,29.3886446,558.141,12.542,11.077,12.413,2/27/2023,2023-03,2/27/2023,Moderate habitability
HAT-P-46 b,6.358,HAT-P-46,1,1,1,Transit,2014,HATNet,Published Confirmed,0,<a refstr=HARTMAN_ET_AL__2014 href=https://ui.adsabs.harvard.edu/abs/2014AJ....147..128H/abstract target=ref> Hartman et al. 2014 </a>,4.463129,0.0577,14.392,1.284,156.684,0.493,Mass,0.123,,1458,0,<a refstr=HARTMAN_ET_AL__2014 href=https://ui.adsabs.harvard.edu/abs/2014AJ....147..128H/abstract target=ref> Hartman et al. 2014 </a>,,6120,1.396,1.284,0.3,[Fe/H],4.25,<a refstr=STASSUN_ET_AL__2019 href=https://ui.adsabs.harvard.edu/abs/2019AJ....158..138S/abstract target=ref>TICv8</a>,18h01m46.60s,270.4441831,-02d58m15.53s,-2.97098,290.736,11.997,9.924,11.6843,5/14/2014,2014-06,5/14/2014,Moderate habitability
Kepler-215 d,6.33,Kepler-215,0,1,4,Transit,2014,Kepler,Published Confirmed,0,<a refstr=HADDEN_ET_AL__2014 href=https://ui.adsabs.harvard.edu/abs/2014ApJ...787...80H/abstract target=ref> Hadden et al. 2014 </a>,30.864,,2.34,0.209,23.6,0.074,Mass,,,,1,<a refstr=HADDEN_ET_AL__2014 href=https://ui.adsabs.harvard.edu/abs/2014ApJ...787...80H/abstract target=ref> Hadden et al. 2014 </a>,,,1.008,0.81,,,,<a refstr=STASSUN_ET_AL__2019 href=https://ui.adsabs.harvard.edu/abs/2019AJ....158..138S/abstract target=ref>TICv8</a>,19h39m53.65s,294.9735313,+45d12m49.27s,45.2136867,485.997,13.678,11.996,13.5549,5/28/2014,2014-05,5/28/2014,Moderate habitability
Kepler-20 e,6.303,Kepler-20,1,2,6,Transit,2011,Kepler,Published Confirmed,0,<a refstr=BONOMO_ET_AL__2023 href=https://ui.adsabs.harvard.edu/abs/2023arXiv230405773B/abstract target=ref>Bonomo et al. 2023</a>,6.0984882,0.0637,0.821,0.07324484,0.76,0.00239123,Mass,0.092,169.8,1004,0,<a refstr=BONOMO_ET_AL__2023 href=https://ui.adsabs.harvard.edu/abs/2023arXiv230405773B/abstract target=ref>Bonomo et al. 2023</a>,,5495,0.9164,0.929,0.07,[Fe/H],,<a refstr=STASSUN_ET_AL__2019 href=https://ui.adsabs.harvard.edu/abs/2019AJ....158..138S/abstract target=ref>TICv8</a>,19h10m47.52s,287.6979913,+42d20m18.88s,42.3385782,282.563,12.61,10.871,12.4535,4/17/2023,2023-04,4/17/2023,Moderate habitability
TrES-1 b,6.275,TrES-1,0,2,1,Transit,2004,TrES,Published Confirmed,0,<a refstr=TORRES_ET_AL__2008 href=https://ui.adsabs.harvard.edu/abs/2008ApJ...677.1324T/abstract target=ref> Torres et al. 2008 </a>,3.030065,0.03925,11.96,1.067,238.998,0.752,Mass,,,1140,0,<a refstr=TORRES_ET_AL__2008 href=https://ui.adsabs.harvard.edu/abs/2008ApJ...677.1324T/abstract target=ref> Torres et al. 2008 </a>,,5230,0.807,0.878,0.02,[Fe/H],4.567,<a refstr=STASSUN_ET_AL__2019 href=https://ui.adsabs.harvard.edu/abs/2019AJ....158..138S/abstract target=ref>TICv8</a>,19h04m09.81s,286.0408755,+36d37m57.13s,36.632536,159.658,11.424,9.819,11.5565,4/25/2018,2008-04,10/15/2014,Moderate habitability
Ross 458 c,6.248,Ross 458,1,2,1,Imaging,2010,Las Campanas Observatory,Published Confirmed,0,<a refstr=BURGASSER_ET_AL__2010 href=https://ui.adsabs.harvard.edu/abs/2010ApJ...725.1405B/abstract target=ref> Burgasser et al. 2010 </a>,,1100,14.01125,1.25,1906.98,6,Mass,,,,0,<a refstr=BURGASSER_ET_AL__2010 href=https://ui.adsabs.harvard.edu/abs/2010ApJ...725.1405B/abstract target=ref> Burgasser et al. 2010 </a>,,,,,,,,<a refstr=STASSUN_ET_AL__2019 href=https://ui.adsabs.harvard.edu/abs/2019AJ....158..138S/abstract target=ref>TICv8</a>,13h00m45.89s,195.1912147,+12d22m32.16s,12.3755996,11.5094,9.76,5.578,8.90809,9/18/2020,2010-12,9/24/2020,Moderate habitability
SWEEPS-11 b,6.22,SWEEPS-11,1,1,1,Transit,2006,Hubble Space Telescope,Published Confirmed,0,<a refstr=SAHU_ET_AL__2006 href=https://ui.adsabs.harvard.edu/abs/2006Natur.443..534S/abstract target=ref>Sahu et al. 2006</a>,1.796,0.03,12.666,1.13,3082.82,9.7,Mass,,,,0,<a refstr=SAHU_ET_AL__2006 href=https://ui.adsabs.harvard.edu/abs/2006Natur.443..534S/abstract target=ref>Sahu et al. 2006</a>,,,1.45,1.1,,,,<a refstr=SAHU_ET_AL__2006 href=https://ui.adsabs.harvard.edu/abs/2006Natur.443..534S/abstract target=ref>Sahu et al. 2006</a>,17h59m02.00s,269.7583333,-29d11m53.5s,-29.1981944,,19.83,,,5/14/2014,2006-10,5/14/2014,Moderate habitability
Kepler-62 c,6.193,Kepler-62,1,1,5,Transit,2013,Kepler,Published Confirmed,0,<a refstr=BORUCKI_ET_AL__2013 href=https://ui.adsabs.harvard.edu/abs/2013Sci...340..587B/abstract target=ref> Borucki et al. 2013 </a>,12.4417,0.0929,0.54,0.048,4,0.013,Mass,,,578,0,<a refstr=BORUCKI_ET_AL__2013 href=https://ui.adsabs.harvard.edu/abs/2013Sci...340..587B/abstract target=ref> Borucki et al. 2013 </a>,K2 V,4925,0.64,0.69,-0.37,[Fe/H],4.68,<a refstr=STASSUN_ET_AL__2019 href=https://ui.adsabs.harvard.edu/abs/2019AJ....158..138S/abstract target=ref>TICv8</a>,18h52m51.01s,283.2125621,+45d20m58.92s,45.3496992,300.874,13.965,11.659,13.7197,5/14/2014,2013-05,5/14/2014,Moderate habitability
TOI-1758 b,6.165,TOI-1758,0,1,1,Transit,2024,Transiting Exoplanet Survey Satellite (TESS),Published Confirmed,0,<a refstr=POLANSKI_ET_AL__2024 href=https://ui.adsabs.harvard.edu/abs/2024ApJS..272...32P/abstract target=ref>Polanski et al. 2024</a>,20.705127,0.138,3.5573684,0.3173677,6.9,0.02170983,Mass,0,,551.44,0,<a refstr=MACDOUGALL_ET_AL__2023 href=https://ui.adsabs.harvard.edu/abs/2023AJ....166...33M/abstract target=ref>MacDougall et al. 2023</a>,,5151,0.8155,0.8253,-0.02,[Fe/H],4.53,<a refstr=STASSUN_ET_AL__2019 href=https://ui.adsabs.harvard.edu/abs/2019AJ....158..138S/abstract target=ref>TICv8</a>,23h38m57.98s,354.741581,+75d41m06.83s,75.6852317,96.6215,10.794,8.811,10.6252,7/22/2024,2024-06,7/22/2024,Moderate habitability
Kepler-111 c,6.138,Kepler-111,1,1,2,Transit,2014,Kepler,Published Confirmed,0,<a refstr=DALBA_ET_AL__2024 href=https://ui.adsabs.harvard.edu/abs/2024ApJS..271...16D/abstract target=ref>Dalba et al. 2024</a>,224.77833,0.751,7.0840758,0.632,222.4798849,0.7,Mass,0.176,2.48,352.2,1,<a refstr=DALBA_ET_AL__2024 href=https://ui.adsabs.harvard.edu/abs/2024ApJS..271...16D/abstract target=ref>Dalba et al. 2024</a>,,5914,1.145,1.118,0.237,[Fe/H],4.369,<a refstr=STASSUN_ET_AL__2019 href=https://ui.adsabs.harvard.edu/abs/2019AJ....158..138S/abstract target=ref>TICv8</a>,19h26m36.76s,291.653163,+44d41m17.74s,44.6882613,657.223,13.543,12.11,13.4192,9/13/2024,2024-03,9/13/2024,Moderate habitability
WASP-21 b,6.11,WASP-21,0,1,1,Transit,2010,SuperWASP,Published Confirmed,0,<a refstr=ALDERSON_ET_AL__2020 href=https://ui.adsabs.harvard.edu/abs/2020MNRAS.497.5182A/abstract target=ref>Alderson et al. 2020</a>,,,12.89035,1.15,92.1707,0.29,Mass,,,,0,<a refstr=STASSUN_ET_AL__2019 href=https://ui.adsabs.harvard.edu/abs/2019AJ....158..138S/abstract target=ref>TICv8</a>,,5924,1.34757,1.08,-0.22,[M/H],4.21239,<a refstr=STASSUN_ET_AL__2019 href=https://ui.adsabs.harvard.edu/abs/2019AJ....158..138S/abstract target=ref>TICv8</a>,23h09m58.27s,347.4928024,+18d23m46.17s,18.3961597,258.426,11.59,9.982,11.3987,11/24/2020,2020-08,12/3/2020,Moderate habitability
KOI-1843.03,6.083,Kepler-974,1,1,2,Transit,2013,Kepler,Published Confirmed,0,<a refstr=RAPPAPORT_ET_AL__2013 href=https://ui.adsabs.harvard.edu/abs/2013ApJ...773L..15R/abstract target=ref>Rappaport et al. 2013</a>,0.1768913,,0.61,0.05442065,8,0.02517081,Mass,,,,0,<a refstr=RAPPAPORT_ET_AL__2013 href=https://ui.adsabs.harvard.edu/abs/2013ApJ...773L..15R/abstract target=ref>Rappaport et al. 2013</a>,,3584,0.45,0.46,0,[Fe/H],4.8,<a refstr=STASSUN_ET_AL__2019 href=https://ui.adsabs.harvard.edu/abs/2019AJ....158..138S/abstract target=ref>TICv8</a>,19h00m03.15s,285.0131082,+40d13m15.44s,40.2209547,134.311,15.295,11.056,14.4126,3/8/2025,2013-08,3/8/2025,Moderate habitability
HAT-P-64 b,6.055,HAT-P-64,1,1,1,Transit,2021,HATNet,Published Confirmed,0,<a refstr=BAKOS_ET_AL__2021 href=https://ui.adsabs.harvard.edu/abs/2021AJ....162....7B/abstract target=ref>Bakos et al. 2021</a>,4.007232,0.05387,19.08889413,1.703,184.3404761,0.58,Mass,0.101,1611,1766,0,<a refstr=BAKOS_ET_AL__2021 href=https://ui.adsabs.harvard.edu/abs/2021AJ....162....7B/abstract target=ref>Bakos et al. 2021</a>,,6457,1.735,1.298,-0.113,[Fe/H],4.072,<a refstr=STASSUN_ET_AL__2019 href=https://ui.adsabs.harvard.edu/abs/2019AJ....158..138S/abstract target=ref>TICv8</a>,04h35m53.85s,68.9743955,+02d25m52.58s,2.4312732,651.897,12.855,11.123,12.6221,7/26/2021,2021-07,7/26/2021,Moderate habitability
WASP-63 b,6.028,WASP-63,0,1,1,Transit,2012,SuperWASP,Published Confirmed,0,<a refstr=HELLIER_ET_AL__2012 href=https://ui.adsabs.harvard.edu/abs/2012MNRAS.426..739H/abstract target=ref> Hellier et al. 2012 </a>,4.37809,0.0574,16.029,1.43,120.77,0.38,Mass,0.22,,,0,<a refstr=HELLIER_ET_AL__2012 href=https://ui.adsabs.harvard.edu/abs/2012MNRAS.426..739H/abstract target=ref> Hellier et al. 2012 </a>,,5570,1.88,1.32,,,,<a refstr=STASSUN_ET_AL__2019 href=https://ui.adsabs.harvard.edu/abs/2019AJ....158..138S/abstract target=ref>TICv8</a>,06h17m20.73s,94.3363562,-38d19m24.18s,-38.3233826,290.684,11.155,9.393,10.9185,4/25/2018,2012-10,5/14/2014,Moderate habitability
TOI-1064 b,6,TOI-1064,1,1,2,Transit,2022,Transiting Exoplanet Survey Satellite (TESS),Published Confirmed,0,<a refstr=WILSON_ET_AL__2022 href=https://ui.adsabs.harvard.edu/abs/2022MNRAS.tmp..107W/abstract target=ref>Wilson et al. 2022</a>,6.443868,0.06152,2.587,0.23079708,13.5,0.04247575,Mass,0.047,62.9,784,0,<a refstr=WILSON_ET_AL__2022 href=https://ui.adsabs.harvard.edu/abs/2022MNRAS.tmp..107W/abstract target=ref>Wilson et al. 2022</a>,,4734,0.726,0.748,0.05,[Fe/H],4.6,<a refstr=STASSUN_ET_AL__2019 href=https://ui.adsabs.harvard.edu/abs/2019AJ....158..138S/abstract target=ref>TICv8</a>,19h44m00.94s,296.0039349,-47d33m43.31s,-47.5620305,68.0726,10.938,8.467,10.6491,1/31/2022,2022-01,1/31/2022,Moderate habitability
XO-1 b,5.9,XO-1,0,1,1,Transit,2006,XO,Published Confirmed,0,<a refstr=SOUTHWORTH_2010 href=https://ui.adsabs.harvard.edu/abs/2010MNRAS.408.1689S/abstract target=ref> Southworth 2010 </a>,3.9415128,0.04944,13.518054,1.206,293.67492,0.924,Mass,,,1210,0,<a refstr=SOUTHWORTH_2010 href=https://ui.adsabs.harvard.edu/abs/2010MNRAS.408.1689S/abstract target=ref> Southworth 2010 </a>,,5750,0.942,1.037,0.02,[Fe/H],4.506,<a refstr=STASSUN_ET_AL__2019 href=https://ui.adsabs.harvard.edu/abs/2019AJ....158..138S/abstract target=ref>TICv8</a>,16h02m11.83s,240.5492745,+28d10m10.65s,28.1696248,163.553,11.251,9.527,11.004,4/25/2018,2010-11,1/14/2016,Low habitability
TOI-1601 b,5.863,TOI-1601,0,1,1,Transit,2021,Transiting Exoplanet Survey Satellite (TESS),Published Confirmed,0,<a refstr=RODRIGUEZ_ET_AL__2021 href=https://ui.adsabs.harvard.edu/abs/2021AJ....161..194R/abstract target=ref>Rodriguez et al. 2021</a>,5.331751,0.06864,13.887951,1.239,314.6517,0.99,Mass,0.036,,1619,0,<a refstr=RODRIGUEZ_ET_AL__2021 href=https://ui.adsabs.harvard.edu/abs/2021AJ....161..194R/abstract target=ref>Rodriguez et al. 2021</a>,,5948,2.186,1.517,0.329,[Fe/H],3.94,<a refstr=STASSUN_ET_AL__2019 href=https://ui.adsabs.harvard.edu/abs/2019AJ....158..138S/abstract target=ref>TICv8</a>,02h33m26.78s,38.361569,+41d00m48.36s,41.0134321,336.608,10.66,9.191,10.5276,2/25/2021,2021-04,3/4/2021,Low habitability
TOI-269 b,5.825,TOI-269,1,1,1,Transit,2021,Transiting Exoplanet Survey Satellite (TESS),Published Confirmed,0,<a refstr=COINTEPAS_ET_AL__2021 href=https://ui.adsabs.harvard.edu/abs/2021A&A...650A.145C/abstract target=ref>Cointepas et al. 2021</a>,3.6977104,0.0345,2.77,0.24712327,8.8,0.0276879,Mass,0.425,19,531,0,<a refstr=COINTEPAS_ET_AL__2021 href=https://ui.adsabs.harvard.edu/abs/2021A&A...650A.145C/abstract target=ref>Cointepas et al. 2021</a>,M2 V,3514,0.398,0.3917,-0.29,[Fe/H],4.831,<a refstr=STASSUN_ET_AL__2019 href=https://ui.adsabs.harvard.edu/abs/2019AJ....158..138S/abstract target=ref>TICv8</a>,05h03m23.11s,75.8462827,-54d10m39.80s,-54.1777213,57.0225,14.37,10.1,13.4258,5/17/2021,2021-06,5/17/2021,Low habitability
WASP-71 b,5.788,WASP-71,0,1,1,Transit,2012,SuperWASP,Published Confirmed,0,<a refstr=SMITH_ET_AL__2013 href=https://ui.adsabs.harvard.edu/abs/2013A%26A...552A.120S/abstract target=ref> Smith et al. 2013 </a>,2.9036747,0.04619,16.37,1.46,712.545,2.242,Mass,0,,2049,0,<a refstr=SMITH_ET_AL__2013 href=https://ui.adsabs.harvard.edu/abs/2013A%26A...552A.120S/abstract target=ref> Smith et al. 2013 </a>,F8,6059,2.26,1.559,0.14,[Fe/H],3.92,<a refstr=STASSUN_ET_AL__2019 href=https://ui.adsabs.harvard.edu/abs/2019AJ....158..138S/abstract target=ref>TICv8</a>,01h57m03.23s,29.2634506,+00d45m31.77s,0.7588247,362.715,10.56,9.32,10.5678,4/25/2018,2013-04,5/14/2014,Low habitability
Kepler-339 c,5.75,Kepler-339,0,1,3,Transit,2014,Kepler,Published Confirmed,0,<a refstr=HADDEN_ET_AL__2014 href=https://ui.adsabs.harvard.edu/abs/2014ApJ...787...80H/abstract target=ref> Hadden et al. 2014 </a>,6.988,,1.16,0.103,7.3,0.023,Mass,,,,0,<a refstr=HADDEN_ET_AL__2014 href=https://ui.adsabs.harvard.edu/abs/2014ApJ...787...80H/abstract target=ref> Hadden et al. 2014 </a>,,,0.808,0.88,,,,<a refstr=STASSUN_ET_AL__2019 href=https://ui.adsabs.harvard.edu/abs/2019AJ....158..138S/abstract target=ref>TICv8</a>,19h33m24.41s,293.351701,+48d26m40.53s,48.4445922,616.637,14.706,12.874,14.5134,5/28/2014,2014-05,5/28/2014,Low habitability
Kepler-12 b,5.712,Kepler-12,1,1,1,Transit,2011,Kepler,Published Confirmed,0,<a refstr=ESTEVES_ET_AL__2015 href=https://ui.adsabs.harvard.edu/abs/2015ApJ...804..150E/abstract target=ref>Esteves et al. 2015</a>,4.4379629,0.0553,19.660586,1.754,137.30256,0.432,Mass,,,1480,0,<a refstr=ESTEVES_ET_AL__2015 href=https://ui.adsabs.harvard.edu/abs/2015ApJ...804..150E/abstract target=ref>Esteves et al. 2015</a>,,5947,1.483,1.166,0.07,[Fe/H],4.175,<a refstr=STASSUN_ET_AL__2019 href=https://ui.adsabs.harvard.edu/abs/2019AJ....158..138S/abstract target=ref>TICv8</a>,19h04m58.43s,286.2434458,+50d02m25.32s,50.0403671,881.386,13.468,12.066,13.3596,10/7/2015,2015-05,10/15/2015,Low habitability
HATS-28 b,5.675,HATS-28,1,1,1,Transit,2016,HATSouth,Published Confirmed,0,<a refstr=ESPINOZA_ET_AL__2016 href=https://ui.adsabs.harvard.edu/abs/2016AJ....152..108E/abstract target=ref>Espinoza et al. 2016</a>,3.1810781,0.04131,13.383546,1.194,213.58176,0.672,Mass,0.202,,1253,0,<a refstr=ESPINOZA_ET_AL__2016 href=https://ui.adsabs.harvard.edu/abs/2016AJ....152..108E/abstract target=ref>Espinoza et al. 2016</a>,G,5498,0.922,0.929,0.01,[Fe/H],4.476,<a refstr=STASSUN_ET_AL__2019 href=https://ui.adsabs.harvard.edu/abs/2019AJ....158..138S/abstract target=ref>TICv8</a>,18h57m35.94s,284.3997616,-49d08m18.65s,-49.1385126,535.383,13.981,12.086,13.7929,6/8/2016,2016-10,6/9/2016,Low habitability
CoRoT-21 b,5.638,CoRoT-21,0,1,1,Transit,2012,CoRoT,Published Confirmed,0,<a refstr=BONOMO_ET_AL__2017 href=https://ui.adsabs.harvard.edu/abs/2017A&A...602A.107B/abstract target=ref>Bonomo et al. 2017</a>,2.72474,0.0416,14.5717,1.3,705.5826,2.22,Mass,0.39,,,0,<a refstr=BONOMO_ET_AL__2017 href=https://ui.adsabs.harvard.edu/abs/2017A&A...602A.107B/abstract target=ref>Bonomo et al. 2017</a>,,6200,1.95,1.29,0,,,<a refstr=STASSUN_ET_AL__2019 href=https://ui.adsabs.harvard.edu/abs/2019AJ....158..138S/abstract target=ref>TICv8</a>,06h44m12.63s,101.0526207,-00d17m56.96s,-0.2991544,,16.058,13.813,15.8558,3/18/2019,2017-06,3/21/2019,Low habitability
LTT 1445 A c,5.6,LTT 1445 A,0,3,2,Transit,2022,Transiting Exoplanet Survey Satellite (TESS),Published Confirmed,0,<a refstr=PASS_ET_AL__2023 href=https://ui.adsabs.harvard.edu/abs/2023AJ....166..171P/abstract target=ref>Pass et al. 2023</a>,3.1238994,0.02659,1.07,0.09545917,1.37,0.0043105,Mass,,11.7,516,0,<a refstr=PASS_ET_AL__2023 href=https://ui.adsabs.harvard.edu/abs/2023AJ....166..171P/abstract target=ref>Pass et al. 2023</a>,,,0.271,0.257,,,,<a refstr=STASSUN_ET_AL__2019 href=https://ui.adsabs.harvard.edu/abs/2019AJ....158..138S/abstract target=ref>TICv8</a>,03h01m50.99s,45.4624781,-16d35m40.18s,-16.5944956,6.86929,10.59,6.496,10.0469,7/22/2024,2023-10,7/22/2024,Low habitability
EPIC 220674823 b,5.562,EPIC 220674823,0,1,2,Transit,2016,K2,Published Confirmed,0,<a refstr=SINUKOFF_ET_AL__2017 href=https://ui.adsabs.harvard.edu/abs/2017AJ....153..271S/abstract target=ref>Sinukoff et al. 2017</a>,0.571336,0.01312,1.82,0.16236952,9,0.02831702,Mass,,4293,2063,0,<a refstr=SINUKOFF_ET_AL__2017 href=https://ui.adsabs.harvard.edu/abs/2017AJ....153..271S/abstract target=ref>Sinukoff et al. 2017</a>,,5496,0.95,0.92,0.06,[Fe/H],4.42,<a refstr=STASSUN_ET_AL__2019 href=https://ui.adsabs.harvard.edu/abs/2019AJ....158..138S/abstract target=ref>TICv8</a>,00h52m19.21s,13.0800239,+10d47m40.94s,10.7947051,244.59,12.101,10.344,11.9535,10/24/2018,2017-06,12/14/2017,Low habitability
Kepler-53 c,5.525,Kepler-53,1,1,3,Transit,2012,Kepler,Published Confirmed,0,<a refstr=STEFFEN_ET_AL__2013 href=https://ui.adsabs.harvard.edu/abs/2013MNRAS.428.1077S/abstract target=ref> Steffen et al. 2013 </a>,38.5583038,,3.17,0.283,36,0.11326867,Mass,,,,1,<a refstr=STEFFEN_ET_AL__2013 href=https://ui.adsabs.harvard.edu/abs/2013MNRAS.428.1077S/abstract target=ref> Steffen et al. 2013 </a>,,5858,0.89,0.98,,,4.53,<a refstr=STASSUN_ET_AL__2019 href=https://ui.adsabs.harvard.edu/abs/2019AJ....158..138S/abstract target=ref>TICv8</a>,19h21m50.83s,290.4617926,+40d33m44.99s,40.5624966,1366.07,15.367,13.807,15.3877,9/22/2021,2013-01,9/22/2021,Low habitability
TOI-2589 b,5.488,TOI-2589,1,1,1,Transit,2023,Transiting Exoplanet Survey Satellite (TESS),Published Confirmed,0,<a refstr=BRAHM_ET_AL__2023 href=https://ui.adsabs.harvard.edu/abs/2023arXiv230402139B/abstract target=ref>Brahm et al. 2023</a>,61.6277,0.3,12.10569916,1.08,1112.399425,3.5,Mass,0.522,,592,0,<a refstr=BRAHM_ET_AL__2023 href=https://ui.adsabs.harvard.edu/abs/2023arXiv230402139B/abstract target=ref>Brahm et al. 2023</a>,,5579,1.07,0.93,0.12,[Fe/H],4.35,<a refstr=STASSUN_ET_AL__2019 href=https://ui.adsabs.harvard.edu/abs/2019AJ....158..138S/abstract target=ref>TICv8</a>,07h09m57.16s,107.4881501,-37d13m51.41s,-37.230948,200.273,11.415,9.632,11.1958,6/25/2024,2023-04,6/25/2024,Low habitability
Kepler-432 b,5.45,Kepler-432,0,2,2,Transit,2015,Kepler,Published Confirmed,0,<a refstr=BONOMO_ET_AL__2017 href=https://ui.adsabs.harvard.edu/abs/2017A&A...602A.107B/abstract target=ref>Bonomo et al. 2017</a>,52.50113,0.3025,12.834305,1.145,182.75225,0.575,Mass,0.4775,,,0,<a refstr=BONOMO_ET_AL__2017 href=https://ui.adsabs.harvard.edu/abs/2017A&A...602A.107B/abstract target=ref>Bonomo et al. 2017</a>,,4995,4.12,1.35,-0.07,[Fe/H],,<a refstr=STASSUN_ET_AL__2019 href=https://ui.adsabs.harvard.edu/abs/2019AJ....158..138S/abstract target=ref>TICv8</a>,19h33m07.74s,293.2822344,+48d17m09.30s,48.2859173,848.023,12.398,10.121,12.1822,3/18/2019,2017-06,3/21/2019,Low habitability
WASP-23 b,5.413,WASP-23,0,1,1,Transit,2010,SuperWASP,Published Confirmed,0,<a refstr=BONOMO_ET_AL__2017 href=https://ui.adsabs.harvard.edu/abs/2017A&A...602A.107B/abstract target=ref>Bonomo et al. 2017</a>,2.94443,0.037,10.783058,0.962,279.37257,0.879,Mass,0.065,,,0,<a refstr=BONOMO_ET_AL__2017 href=https://ui.adsabs.harvard.edu/abs/2017A&A...602A.107B/abstract target=ref>Bonomo et al. 2017</a>,,5150,0.765,0.78,-0.05,[Fe/H],,<a refstr=STASSUN_ET_AL__2019 href=https://ui.adsabs.harvard.edu/abs/2019AJ....158..138S/abstract target=ref>TICv8</a>,06h44m30.60s,101.1275033,-42d45m44.03s,-42.7622296,207.49,12.539,10.45,12.3208,3/18/2019,2017-06,3/21/2019,Low habitability
KELT-1 b,5.375,KELT-1,1,1,1,Transit,2012,KELT,Published Confirmed,0,<a refstr=SIVERD_ET_AL__2012 href=https://ui.adsabs.harvard.edu/abs/2012ApJ...761..123S/abstract target=ref> Siverd et al. 2012 </a>,1.217514,0.02466,12.442,1.11,8654.15,27.23,Mass,0.0099,,,0,<a refstr=SIVERD_ET_AL__2012 href=https://ui.adsabs.harvard.edu/abs/2012ApJ...761..123S/abstract target=ref> Siverd et al. 2012 </a>,,6516,1.471,1.335,0.052,[Fe/H],4.228,<a refstr=STASSUN_ET_AL__2019 href=https://ui.adsabs.harvard.edu/abs/2019AJ....158..138S/abstract target=ref>TICv8</a>,00h01m26.90s,0.3620995,+39d23m01.66s,39.3837953,268.43,10.632,9.437,10.5905,5/14/2014,2012-12,5/14/2014,Low habitability
GJ 367 b,5.338,GJ 367,1,1,3,Transit,2021,Transiting Exoplanet Survey Satellite (TESS),Published Confirmed,0,<a refstr=GOFFO_ET_AL__2023 href=https://ui.adsabs.harvard.edu/abs/2023arXiv230709181G/abstract target=ref>Goffo et al. 2023</a>,0.3219225,0.00709,0.699,0.06236071,0.633,0.00199164,Mass,0.06,579,1365,0,<a refstr=GOFFO_ET_AL__2023 href=https://ui.adsabs.harvard.edu/abs/2023arXiv230709181G/abstract target=ref>Goffo et al. 2023</a>,M1.0 V,3522,0.458,0.455,-0.01,[Fe/H],4.776,<a refstr=STASSUN_ET_AL__2019 href=https://ui.adsabs.harvard.edu/abs/2019AJ....158..138S/abstract target=ref>TICv8</a>,09h44m29.15s,146.121464,-45d46m44.46s,-45.7790165,9.41263,10.153,5.78,9.15159,8/10/2023,2023-07,8/10/2023,Low habitability
WASP-52 b,5.3,WASP-52,1,1,1,Transit,2012,SuperWASP,Published Confirmed,0,<a refstr=HEBRARD_ET_AL__2013 href=https://ui.adsabs.harvard.edu/abs/2013A%26A...549A.134H/abstract target=ref> Hebrard et al. 2013 </a>,1.7497798,0.0272,14.24,1.27,146.2,0.46,Mass,0,,1315,0,<a refstr=HEBRARD_ET_AL__2013 href=https://ui.adsabs.harvard.edu/abs/2013A%26A...549A.134H/abstract target=ref> Hebrard et al. 2013 </a>,K2 V,5000,0.79,0.87,0.03,[Fe/H],4.582,<a refstr=STASSUN_ET_AL__2019 href=https://ui.adsabs.harvard.edu/abs/2019AJ....158..138S/abstract target=ref>TICv8</a>,23h13m58.75s,348.4947931,+08d45m39.89s,8.7610793,174.818,12.192,10.086,11.9537,5/14/2014,2013-01,5/14/2014,Low habitability
GJ 414 A c,5.262,GJ 414 A,1,2,2,Radial Velocity,2021,W. M. Keck Observatory,Published Confirmed,0,<a refstr=DEDRICK_ET_AL__2021 href=https://ui.adsabs.harvard.edu/abs/2021AJ....161...86D/abstract target=ref>Dedrick et al. 2021</a>,749.83,1.4,8.4,0.74939781,53.83,0.16936727,Msini,0.105,,124.7,0,<a refstr=DEDRICK_ET_AL__2021 href=https://ui.adsabs.harvard.edu/abs/2021AJ....161...86D/abstract target=ref>Dedrick et al. 2021</a>,K7 V,4120,0.68,0.65,0.24,[Fe/H],4.65,<a refstr=STASSUN_ET_AL__2019 href=https://ui.adsabs.harvard.edu/abs/2019AJ....158..138S/abstract target=ref>TICv8</a>,11h11m05.88s,167.7745044,+30d26m42.61s,30.4451688,11.8893,8.31,4.979,7.72808,3/25/2021,2021-02,4/1/2021,Low habitability
Kepler-100 c,5.225,Kepler-100,0,1,4,Transit,2014,Kepler,Published Confirmed,0,<a refstr=WEISS_ET_AL__2024 href=https://ui.adsabs.harvard.edu/abs/2024ApJS..270....8W/abstract target=ref>Weiss et al. 2024</a>,12.81588378,0.110537024,2.34,0.20876118,4.00223465,0.01259244,Msini,0,,,0,<a refstr=WEISS_ET_AL__2024 href=https://ui.adsabs.harvard.edu/abs/2024ApJS..270....8W/abstract target=ref>Weiss et al. 2024</a>,,,,1.097,,,,<a refstr=STASSUN_ET_AL__2019 href=https://ui.adsabs.harvard.edu/abs/2019AJ....158..138S/abstract target=ref>TICv8</a>,19h25m32.67s,291.3861294,+41d59m24.50s,41.9901394,304.645,11.055,9.768,11.1293,2/21/2024,2024-01,2/21/2024,Low habitability
TOI-1266 c,5.188,TOI-1266,0,1,3,Transit,2020,Transiting Exoplanet Survey Satellite (TESS),Published Confirmed,0,<a refstr=CLOUTIER_ET_AL__2024 href=https://ui.adsabs.harvard.edu/abs/2024MNRAS.527.5464C/abstract target=ref>Cloutier et al. 2024</a>,18.801611,0.1047,2.13,0.1900262,2.88,0.00906149,Mass,0.34,2.7,354,1,<a refstr=CLOUTIER_ET_AL__2024 href=https://ui.adsabs.harvard.edu/abs/2024MNRAS.527.5464C/abstract target=ref>Cloutier et al. 2024</a>,M3 V,3618,0.436,0.431,-0.195,[Fe/H],4.793,<a refstr=STASSUN_ET_AL__2019 href=https://ui.adsabs.harvard.edu/abs/2019AJ....158..138S/abstract target=ref>TICv8</a>,13h11m59.18s,197.9965833,+65d50m01.31s,65.8336973,36.0118,12.941,8.84,12.1222,3/25/2024,2024-01,3/25/2024,Low habitability
TOI-2567 b,5.15,TOI-2567,1,1,1,Transit,2022,Transiting Exoplanet Survey Satellite (TESS),Published Confirmed,0,<a refstr=YEE_ET_AL__2022 href=https://ui.adsabs.harvard.edu/abs/2022AJ....164...70Y/abstract target=ref>Yee et al. 2022</a>,5.983944,0.0672,10.92875618,0.975,63.88350981,0.201,Mass,0,558,1352,0,<a refstr=YEE_ET_AL__2022 href=https://ui.adsabs.harvard.edu/abs/2022AJ....164...70Y/abstract target=ref>Yee et al. 2022</a>,,5611,1.686,1.13,0.241,[Fe/H],4.044,<a refstr=STASSUN_ET_AL__2019 href=https://ui.adsabs.harvard.edu/abs/2019AJ....158..138S/abstract target=ref>TICv8</a>,19h13m51.76s,288.4656683,+66d20m52.58s,66.3479375,504.775,12.3,10.717,12.2213,8/29/2022,2022-08,8/29/2022,Low habitability
GJ 9827 d,5.112,GJ 9827,1,1,3,Transit,2017,K2,Published Confirmed,0,<a refstr=PIAULET_GHORAYEB_ET_AL__2024 href=https://ui.adsabs.harvard.edu/abs/2024ApJ...974L..10P/abstract target=ref>Piaulet-Ghorayeb et al. 2024</a>,6.20183,0.053,1.98,0.17664407,3.02,0.00950198,Mass,,34.9,675,0,<a refstr=PIAULET_GHORAYEB_ET_AL__2024 href=https://ui.adsabs.harvard.edu/abs/2024ApJ...974L..10P/abstract target=ref>Piaulet-Ghorayeb et al. 2024</a>,K7 V,4236,0.58,0.62,-0.29,[Fe/H],4.7,<a refstr=STASSUN_ET_AL__2019 href=https://ui.adsabs.harvard.edu/abs/2019AJ....158..138S/abstract target=ref>TICv8</a>,23h27m05.23s,351.7717763,-01d17m07.24s,-1.2853435,29.661,10.37,7.193,9.83773,10/15/2024,2024-10,10/15/2024,Low habitability
Kepler-62 e,5.075,Kepler-62,1,1,5,Transit,2013,Kepler,Published Confirmed,0,<a refstr=BORUCKI_ET_AL__2013 href=https://ui.adsabs.harvard.edu/abs/2013Sci...340..587B/abstract target=ref> Borucki et al. 2013 </a>,122.3874,0.427,1.61,0.144,36,0.113,Mass,,,270,0,<a refstr=BORUCKI_ET_AL__2013 href=https://ui.adsabs.harvard.edu/abs/2013Sci...340..587B/abstract target=ref> Borucki et al. 2013 </a>,K2 V,4925,0.64,0.69,-0.37,[Fe/H],4.68,<a refstr=STASSUN_ET_AL__2019 href=https://ui.adsabs.harvard.edu/abs/2019AJ....158..138S/abstract target=ref>TICv8</a>,18h52m51.01s,283.2125621,+45d20m58.92s,45.3496992,300.874,13.965,11.659,13.7197,5/14/2014,2013-05,5/14/2014,Low habitability
TOI-2025 b,5.038,TOI-2025,0,1,1,Transit,2022,Transiting Exoplanet Survey Satellite (TESS),Published Confirmed,0,<a refstr=KNUDSTRUP_ET_AL__2022 href=https://ui.adsabs.harvard.edu/abs/2022arXiv220413956K/abstract target=ref>Knudstrup et al. 2022</a>,8.872078,0.092,12.52043144,1.117,1398.444991,4.4,Mass,0.41,,1167,0,<a refstr=KNUDSTRUP_ET_AL__2022 href=https://ui.adsabs.harvard.edu/abs/2022arXiv220413956K/abstract target=ref>Knudstrup et al. 2022</a>,,5880,1.56,1.32,0.18,[Fe/H],4.17,<a refstr=STASSUN_ET_AL__2019 href=https://ui.adsabs.harvard.edu/abs/2019AJ....158..138S/abstract target=ref>TICv8</a>,18h51m10.86s,282.7952558,+82d14m43.49s,82.2454143,335.985,11.599,10.01,11.3637,9/19/2022,2022-04,9/19/2022,Low habitability
K2-146 b,5,K2-146,0,1,2,Transit,2018,K2,Published Confirmed,0,<a refstr=LAM_ET_AL__2020 href=https://ui.adsabs.harvard.edu/abs/2020AJ....159..120L/abstract target=ref>Lam et al. 2020</a>,2.6698,0.0248,2.25,0.2007319,5.6,0.01761957,Mass,0.14,,,1,<a refstr=LAM_ET_AL__2020 href=https://ui.adsabs.harvard.edu/abs/2020AJ....159..120L/abstract target=ref>Lam et al. 2020</a>,M3.0 V,3385,0.35,0.358,-0.02,[Fe/H],4.906,<a refstr=STASSUN_ET_AL__2019 href=https://ui.adsabs.harvard.edu/abs/2019AJ....158..138S/abstract target=ref>TICv8</a>,08h40m06.41s,130.0266951,+19d05m32.43s,19.0923416,79.3002,16.7,11.37,14.9834,7/12/2021,2020-03,7/12/2021,Low habitability
